AppID,Name,Release date,Estimated owners,Peak CCU,Required age,Price,DLC count,About the game,Supported languages,Full audio languages,Reviews,Header image,Website,Support url,Support email,Windows,Mac,Linux,Metacritic score,Metacritic url,User score,Positive,Negative,Score rank,Achievements,Recommendations,Notes,Average playtime forever,Average playtime two weeks,Median playtime forever,Median playtime two weeks,Developers,Publishers,Categories,Genres,Tags,Screenshots,Movies;;;;;;;;;;;;;;;;;;;;;;;;;;;;;;;;;;;;;;;;;;;;;;;;;;;;;;;;;;;;;;;;;;;;;;;;;;;;;;;;;;;;;;;;;;;;;;;;;;;;;;;;;;;;;;;;;;;;;;;;;;;;;;;;
"1588250,""Contract Killer"",""May 19, 2022"",""0 - 20000"",0,0,11.99,0,""Contract Killer builds on retro arcade beat ‘em ups and paper aesthetics with chaotic combos, boss fights, hand-crafted pixel visuals, an original, jazzy soundtrack, and an emphasis on cooperation. Tackle the comical campaign with up to 4 players, unlock skins and new characters, fight against your friends, or try to survive an endless horde mode! CAMPAIGN When the legendary Erasir was defeated, the world became overrun by contracts and other corporate minions, binding thousands to their legal demise. It’s up to Leadhead and his crew to traverse different regions and defeat the bosses that rule them in order to avenge their master and bring an end to the contract calamity! CHARACTERS Meet the cast, each with their own unique move sets and skins: Leadhead - The pencil mascot himself. This all-around fighter is best known for his angry attitude and furious fighting style. Penn - Ink it up with this vengeful city native who will stop at nothing to return his hometown to its former glory. Mark - This clumsy combatant always has a white flag in hand… just don’t expect him to surrender. Pomp - A pretentious paintbrush who treats every attack as a photo opportunity. Pompadours will never NOT be in style. KEY FEATURES ● Up to 4 player co-op across all modes ● Unlock new characters ● Experience the Story of Leadhead and his crew and defeat epic bosses ● Fight endless waves of contracts in Horde Mode with the help of various power-ups ● Challenge your friends in player versus player Battle Mode to test your skills ● Use an extensive kit of attacks for all your contract-killing goodness ● Master each character’s jabs, claps, grabs, ground-pounds, dashes, and projectiles ● Take on various corporate lackeys each with distinct behaviors and weaknesses to learn ABOUT PAPERBOY GAMES Created by Alex Garza, Aiden Jauffret, Matthew Lawrence, and Leon Yang"",""['English']"",""[]"","""",""https://cdn.akamai.steamstatic.com/steam/apps/1588250/header.jpg?t=1652978049"","""","""",""contractpuncher@gmail.com"",True,False,False,0,"""",0,18,0,"""",12,0,"""",0,0,0,0,""Paperboy Games"",""Behemoth Interactive"",""Single-player,Multi-player,PvP,Shared/Split Screen PvP,Co-op,Shared/Split Screen Co-op,Shared/Split Screen,Full controller support,Remote Play Together"",""Action,Casual,Indie"",""Beat 'em up,Pixel Graphics,4 Player Local,2.5D,2D Fighter,Action,Funny,Cartoony,Arcade,2D,Old School,Controller,Stylized,Side Scroller,Team-Based,Colorful,Hack and Slash,Casual,Capitalism,Local Co-Op"",""https://cdn.akamai.steamstatic.com/steam/apps/1588250/ss_c5bfd978b02ead162b1e6227969825c56fdee903.1920x1080.jpg?t=1652978049,https://cdn.akamai.steamstatic.com/steam/apps/1588250/ss_3fcb7d6a72a51e038070fda3e51e175bd6d09456.1920x1080.jpg?t=1652978049,https://cdn.akamai.steamstatic.com/steam/apps/1588250/ss_b614d2439d244a00ba6b9eebe177f7830934c608.1920x1080.jpg?t=1652978049,https://cdn.akamai.steamstatic.com/steam/apps/1588250/ss_f03c41f9d2b57d2269c0e812a3f249b7a6939fc9.1920x1080.jpg?t=1652978049,https://cdn.akamai.steamstatic.com/steam/apps/1588250/ss_2d8d97e8823ff4c99a301c61ad4892e91fcd9ab0.1920x1080.jpg?t=1652978049"",""http://cdn.akamai.steamstatic.com/steam/apps/256887391/movie_max.mp4?t=1652978047,http://cdn.akamai.steamstatic.com/steam/apps/256854044/movie_max.mp4?t=1633061737,http://cdn.akamai.steamstatic.com/steam/apps/256830274/movie_max.mp4?t=1618588296""";;;;;;;;;;;;;;;;;;;;;;;;;;;;;;;;;;;;;;;;;;;;;;;;;;;;;;;;;;;;;;;;;;;;;;;;;;;;;;;;;;;;;;;;;;;;;;;;;;;;;;;;;;;;;;;;;;;;;;;;;;;;;;;;
"46370,""Rig n Roll"",""Jul 9, 2010"",""50000 - 100000"",2,0,4.99,0,""Players will step into the shoes of a young man in the year 2014 as he arrives in California to pursue his dreams of road domination and capture the Californian cargo transportation market. There are miles of highways to conquer and cities and towns to reach as he becomes the greatest trucker on the highways. Rig’n’Roll is a sequel to the famous Hard Truck series. This time the game world is true-to-life. Gamers can race high-powered Semis along thousands miles of real Californian roads, visiting San-Francisco to San Diego, San Jose to Los Angeles. Rig’n’Roll delivers players the ultimate truck driving experience with authentic models of trucks and their interiors, completely new physics and astonishing 3D graphics among numerous features. Players will outrun their opponents to deliver cargo on time or take part in truck races to prove their professional skills, giving them the opportunity to improve their rating and authority among other drivers. Rig’n’Roll also gives gamers an opportunity to test their management skills as they establish their own cargo transportation company. Players will recruit staff and hire other drivers to work for them as they expand their business and eliminate their competitors from the transportation market. Apart from being the most accurate and innovative truck driving simulation game ever produced, Rig’n’Roll immerses players in an exciting story with an unexpected finale, making new allies and battling treacherous foes as they discover a conspiracy that will test their skills to the limit. Key features: Authentic models of famous trucks — Freightliner, Peterbilt, Kenworth, Sterling and Western Star Over 12,000 miles of California roads, including all major freeways Over 40 California cities, including San Diego, San Francisco and Los Angeles Truck races, cargo delivery, economic simulation and a thrilling storyline"",""['English', 'German', 'Polish']"",""['English', 'Polish']"","""",""https://cdn.akamai.steamstatic.com/steam/apps/46370/header.jpg?t=1656589255"",""http://www.rignroll.com/"","""","""",True,False,False,61,""https://www.metacritic.com/game/pc/rignroll?ftag=MCD-06-10aaa1f"",0,269,207,"""",0,309,"""",538,0,1073,0,""SoftLab-NSK"",""Fulqrum Publishing"",""Single-player,Steam Cloud"",""Simulation"",""Simulation,Automobile Sim,Driving,Singleplayer,Racing"",""https://cdn.akamai.steamstatic.com/steam/apps/46370/ss_afa1bdc895bc0edc945245aeb40d12da87fece26.1920x1080.jpg?t=1656589255,https://cdn.akamai.steamstatic.com/steam/apps/46370/ss_34d940ed9de07c08a6a5a12ca0dff434b13fa590.1920x1080.jpg?t=1656589255,https://cdn.akamai.steamstatic.com/steam/apps/46370/ss_2d06b209a1400781c921a91ef2a2a022497a0ba9.1920x1080.jpg?t=1656589255,https://cdn.akamai.steamstatic.com/steam/apps/46370/ss_c0d48ec959a3be5d0e31f8ecee4f13bab5715910.1920x1080.jpg?t=1656589255,https://cdn.akamai.steamstatic.com/steam/apps/46370/ss_b81610ef1d1405d087e7fd9b6d376e626a3ecf9f.1920x1080.jpg?t=1656589255,https://cdn.akamai.steamstatic.com/steam/apps/46370/ss_3bf88463a1f392b8fe048821bfd30c3d1d6c93c5.1920x1080.jpg?t=1656589255,https://cdn.akamai.steamstatic.com/steam/apps/46370/ss_ce1c1963edef3d58d43c0fb005c8ae90f3e66f81.1920x1080.jpg?t=1656589255,https://cdn.akamai.steamstatic.com/steam/apps/46370/ss_945aa11677b9807b4cd04a10fad34f2b39e306b1.1920x1080.jpg?t=1656589255,https://cdn.akamai.steamstatic.com/steam/apps/46370/ss_d86cb534e261a29357fc0546636f7f366440b78f.1920x1080.jpg?t=1656589255,https://cdn.akamai.steamstatic.com/steam/apps/46370/ss_639f96f2091fbeda2fdd4d5414c8db52b6fecea8.1920x1080.jpg?t=1656589255,https://cdn.akamai.steamstatic.com/steam/apps/46370/ss_c4bca5fea09f35cd4c5cedf9a26168e6c86fa415.1920x1080.jpg?t=1656589255,https://cdn.akamai.steamstatic.com/steam/apps/46370/ss_559223283105e2a39324abab6b3b8fe474883bf8.1920x1080.jpg?t=1656589255,https://cdn.akamai.steamstatic.com/steam/apps/46370/ss_88632da6f0361b697278959c12972a88c00ab052.1920x1080.jpg?t=1656589255,https://cdn.akamai.steamstatic.com/steam/apps/46370/ss_b1ea58932e9e37f173802db735391d2133d44321.1920x1080.jpg?t=1656589255,https://cdn.akamai.steamstatic.com/steam/apps/46370/ss_ad73b9cdbeaca0bb7fbf09b671aa62f947259ab1.1920x1080.jpg?t=1656589255,https://cdn.akamai.steamstatic.com/steam/apps/46370/ss_873eb22ff94b936fa2b719879b966228abeb0e3d.1920x1080.jpg?t=1656589255,https://cdn.akamai.steamstatic.com/steam/apps/46370/ss_00d098d0e4d5e1ad96fc0c9de23915a4c4f12344.1920x1080.jpg?t=1656589255,https://cdn.akamai.steamstatic.com/steam/apps/46370/ss_27464f6c1db7d429aceb168bc28612931df0fd3c.1920x1080.jpg?t=1656589255"",""""";;;;;;;;;;;;;;;;;;;;;;;;;;;;;;;;;;;;;;;;;;;;;;;;;;;;;;;;;;;;;;;;;;;;;;;;;;;;;;;;;;;;;;;;;;;;;;;;;;;;;;;;;;;;;;;;;;;;;;;;;;;;;;;;
"857370,""The Entity"",""Jul 2, 2018"",""0 - 20000"",0,0,2.99,2,""The Entity is a horror house styled game. You have to go through the house finding clues that your grandma left you years ago about the strange creatures. Make sure to keep an eye out for the keys as some can be quite hidden, the keys and clues all glow slightly (clues more so). We didn't just want The Entity to be another jump-scare horror game so we have tried our best to find better ways to scare as well as having jump scares. When looking through the breath taking house make sure to keep an eye on your generator power as if that gets empty you're in for some pain. Charging your phone to be able to use it's light will drain the generator power very fast if you keep doing it, but also having many lights on at once will have the same effect. The Entity has three different and completely unique endings for you to explore depending on what you do through the game. The Entity has partial controller support (you will need keyboard/mouse for menus) and we currently support five languages, English, Spanish, simplified Chinese, Polish, German and Russian. If there is demand to add any more languages we will add them. We hope You will enjoy playing The Entity. We also plan on having trading cards but currently we are not eligible."",""['English', 'Spanish - Spain', 'Simplified Chinese', 'German', 'Polish', 'Russian']"",""['English', 'Russian']"","""",""https://cdn.akamai.steamstatic.com/steam/apps/857370/header.jpg?t=1596287629"",""https://ragdollincorporation.wixsite.com/ragdollinc"",""https://ragdollincorporation.wixsite.com/ragdollinc"",""information@ragdollinc.com"",True,True,False,0,"""",0,15,22,"""",21,0,"""",0,0,0,0,""Ragdoll Inc"",""Ragdoll Inc"",""Single-player,Steam Achievements,Partial Controller Support"",""Action,Casual,Indie,Strategy"",""Action,Indie,Casual,Strategy,Horror,Gore,First-Person,Singleplayer,Survival Horror,Dark,Psychological Horror,3D Vision,Soundtrack,Replay Value,Realistic,Atmospheric,Sci-fi,Great Soundtrack,Aliens,Adventure"",""https://cdn.akamai.steamstatic.com/steam/apps/857370/ss_60d2a729c1636d097c372d109fe064e547d6a396.1920x1080.jpg?t=1596287629,https://cdn.akamai.steamstatic.com/steam/apps/857370/ss_9ab3d22acc3b9a3a4d5eb1fcf7c2919ad1036c69.1920x1080.jpg?t=1596287629,https://cdn.akamai.steamstatic.com/steam/apps/857370/ss_a2348d9a9cfdef9bc633beacc9693d40bca04cb2.1920x1080.jpg?t=1596287629,https://cdn.akamai.steamstatic.com/steam/apps/857370/ss_e1339c2819f6423b0800faebff414b2d3e038839.1920x1080.jpg?t=1596287629,https://cdn.akamai.steamstatic.com/steam/apps/857370/ss_2bb0e7348fe4699d0e5aa13a0a4efcaee5552368.1920x1080.jpg?t=1596287629,https://cdn.akamai.steamstatic.com/steam/apps/857370/ss_a51409166c8bb193368f5565969d5cf0897fd3fb.1920x1080.jpg?t=1596287629,https://cdn.akamai.steamstatic.com/steam/apps/857370/ss_af101e0a4bfae7039bcd32a0f653a47723504b21.1920x1080.jpg?t=1596287629,https://cdn.akamai.steamstatic.com/steam/apps/857370/ss_3592326ab71a09e52a8545e25261ffee3d64e635.1920x1080.jpg?t=1596287629,https://cdn.akamai.steamstatic.com/steam/apps/857370/ss_bc87b9a5152bd9921eae08a6ac8cb1890e9a29f7.1920x1080.jpg?t=1596287629,https://cdn.akamai.steamstatic.com/steam/apps/857370/ss_3569114bb4ad8b493d9fa846edc9288eb80b1394.1920x1080.jpg?t=1596287629,https://cdn.akamai.steamstatic.com/steam/apps/857370/ss_13710e0411748f52be9e0ab0f2b79e1e17e8fd52.1920x1080.jpg?t=1596287629"",""http://cdn.akamai.steamstatic.com/steam/apps/256721656/movie_max.mp4?t=1530539020,http://cdn.akamai.steamstatic.com/steam/apps/256717949/movie_max.mp4?t=1527332837,http://cdn.akamai.steamstatic.com/steam/apps/256716116/movie_max.mp4?t=1525831900""";;;;;;;;;;;;;;;;;;;;;;;;;;;;;;;;;;;;;;;;;;;;;;;;;;;;;;;;;;;;;;;;;;;;;;;;;;;;;;;;;;;;;;;;;;;;;;;;;;;;;;;;;;;;;;;;;;;;;;;;;;;;;;;;
"1070820,""RealFlight 9.5S"",""Dec 7, 2021"",""0 - 20000"",333,0,69.99,0,""Realism Is Everything! RealFlight® is the #1 radio-control flight simulator in the world. Powered by the industry-leading RealPhysics™ engine, and designed by both full-scale and RC pilots, flying in RealFlight feels more lifelike than any other simulator. This unmatched realism makes RealFlight an essential tool for any new RC pilots learning to fly. Likewise, experienced pilots love using RealFlight to practice new maneuvers and perfect their technique. Hone your skills in RealFlight's True-to-Life digital environment so you can pilot your physical models safely with confidence and style! RealFlight 9 is now updated to RealFlight 9.5S, with more RC content for you to enjoy! New Aircraft From The Best Brands In RC Choose from more than 160 different aircraft including airplanes, helicopters, drones, and more! RealFlight 9 adds over a dozen of the latest and greatest models from brands such as E-flite®, HobbyZone®, Hangar 9®, and Blade®: New with RealFlight 9.5S: E-flite DRACO 2.0m with AS3X and SAFE Select Technologies E-flite F-14 Tomcat Twin 40mm EDF with AS3X and SAFE Select Technologies E-flite Turbo Timber Evolution 1.5m with AS3X and SAFE Select Technologies E-flite Turbo Timber Evolution 1.5m with floats, AS3X and SAFE Select Technologies E-flite T-28 Trojan 1.1m with AS3X and SAFE Select Technologies Blade 330 S Helicopter with SAFE Technology New with RealFlight 9.5: HobbyZone AeroScout™ S 1.1m with SAFE® Technology E-flite Habu STS 70mm EDF Jet with SAFE Technology E-flite F-15 Eagle 64mm EDF Jet with AS3X® and SAFE Select Technologies E-flite F-16 Thunderbirds 70mm EDF Jet with AS3X and SAFE Select Technologies E-flite A-10 Thunderbolt II Twin 64mm EDF Jet with AS3X and SAFE Select Technologies E-flite V1200 1.2m with AS3X and SAFE Select Technologies E-flite Cirrus SR22T 1.5m with AS3X and SAFE Select Technologies E-flite P-51D Mustang 1.5m with AS3X and SAFE Select Technologies E-flite Twin Otter 1.2m with AS3X and SAFE Select Technologies E-flite Twin Otter 1.2m with Floats, AS3X and SAFE Select Technologies E-flite UMX Turbo Timber® with AS3X and SAFE Select Technologies E-flite Turbo Timber 1.5m with AS3X and SAFE Select Technologies E-flite Turbo Timber 1.5m with Floats, AS3X and SAFE Select Technologies E-flite Night Timber X 1.2m with AS3X and SAFE Select Technologies Hangar 9 Pitts S-2B 50-60cc Synergy RC 696 Helicopter New with RealFlight 9: E-flite Apprentice® STS 1.5m with SAFE® Technology E-flite Delta Ray® One with SAFE Technology E-flite Viper 70mm EDF with AS3X® and SAFE Select Technologies E-flite Havoc Xe 80mm EDF with AS3X and SAFE Select Technologies E-flite Timber® X 1.2m with AS3X and SAFE Select Technologies E-flite Extra 300 3D 1.3m with AS3X and SAFE Select Technologies E-flite EC-1500 Twin 1.5m with AS3X and SAFE Select Technologies HobbyZone Carbon Cub S+ 1.3m with SAFE Plus Technology Hangar 9 CubCrafters XCub 60cc Hangar 9 P-51D Mustang 20cc Hangar 9 Valiant 10cc Blade 230 V2 with SAFE Technology ...and all the aircraft from previous versions of RealFlight! New Training Features Learning to fly can be tough. Luckily, RealFlight 9 introduces a great new Flight Training feature that will help you get off the ground. Fly along with voice-guided demonstrations to build the foundational skills you need to master the controls and pilot your aircraft like a pro. Additional RF9 Features Compatibility with Oculus Rift and HTC Vive VR headsets Over 40 scenic flying sites including 3D fields and PhotoFields Eli Field as a brand new PhotoField An intuitive, updated controller system that allows for greater customization and a vast scope of controller compatibility A challenge system that will push your skills and provide you with hours of entertainment Online multiplayer capability so you can compete with your friends and rise to the top Aircraft and airport editors for maximum customization and personalized content A number of various gadgets that can help you improve your skills at the most granular level Multi-lingual navigation supporting English, German, French, Italian, and Spanish (Spain) Controller Required RealFlight 9 requires a controller to run and supports a large number of options: Option 1 (Recommended): For the best experience, we strongly recommend the Spektrum™ InterLink® DX simulator controller. It is specially designed for RealFlight 9 and all your controls will come pre-configured by default. Option 2: Use your own RC Radio with an interface. The Spektrum WS1000 wireless dongle works well for this, and there are other 3rd-party wireless interfaces available. This option will require some user setup. Option 3: Use any 4-axis game controller such as a gamepad or an advanced flight stick. *Note: See the Announcements and Community Discussion for purchase links."",""['English', 'French', 'Italian', 'German', 'Spanish - Spain']"",""[]"","""",""https://cdn.akamai.steamstatic.com/steam/apps/1070820/header.jpg?t=1658426264"","""",""https://www.realflight.com/support/index.php"","""",True,False,False,0,"""",0,384,87,"""",5,390,"""",0,0,0,0,""Horizon Hobby, LLC"",""Horizon Hobby, LLC"",""Single-player,Multi-player,PvP,Online PvP,LAN PvP,Co-op,Online Co-op,LAN Co-op,Shared/Split Screen Co-op,Shared/Split Screen,Steam Achievements,Partial Controller Support,Includes level editor"",""Indie,Racing,Simulation"",""Simulation,Indie,Racing,Flight,VR"",""https://cdn.akamai.steamstatic.com/steam/apps/1070820/ss_569683386e31ceb17cc6800f0bfeff09ac96228d.1920x1080.jpg?t=1658426264,https://cdn.akamai.steamstatic.com/steam/apps/1070820/ss_b49bf012ab5c5f1705b6338b25d226a5cd7ffe78.1920x1080.jpg?t=1658426264,https://cdn.akamai.steamstatic.com/steam/apps/1070820/ss_3998d6589510ad27001347731bc09eb27dfe5e24.1920x1080.jpg?t=1658426264,https://cdn.akamai.steamstatic.com/steam/apps/1070820/ss_536795de7f02674a9bb26be001daa26bf8b24c1c.1920x1080.jpg?t=1658426264,https://cdn.akamai.steamstatic.com/steam/apps/1070820/ss_eac1fae14026106f80f6267fd0da969e100be489.1920x1080.jpg?t=1658426264,https://cdn.akamai.steamstatic.com/steam/apps/1070820/ss_2224d48128a03e5fa5fb041f5caa3be4a8f28e18.1920x1080.jpg?t=1658426264,https://cdn.akamai.steamstatic.com/steam/apps/1070820/ss_4735730d68dbae0ffe8ef43469eefa8a29aacb06.1920x1080.jpg?t=1658426264,https://cdn.akamai.steamstatic.com/steam/apps/1070820/ss_42489dbd370232e2c6d5fc4b55e872a2efb78df9.1920x1080.jpg?t=1658426264,https://cdn.akamai.steamstatic.com/steam/apps/1070820/ss_dfb01bbc2f82969293955f5e496134ac03153e3a.1920x1080.jpg?t=1658426264,https://cdn.akamai.steamstatic.com/steam/apps/1070820/ss_a860adad2b1c787845c2474b51654bd70fd3ec44.1920x1080.jpg?t=1658426264,https://cdn.akamai.steamstatic.com/steam/apps/1070820/ss_b262efb917439d1d968d4b3b3d93f14fffefaa9d.1920x1080.jpg?t=1658426264,https://cdn.akamai.steamstatic.com/steam/apps/1070820/ss_e258f141c57c5face63ab6539f069bf3c0c5e076.1920x1080.jpg?t=1658426264,https://cdn.akamai.steamstatic.com/steam/apps/1070820/ss_4208d2bcc69ef3f809f1f5f25e770c2ac4e8c183.1920x1080.jpg?t=1658426264,https://cdn.akamai.steamstatic.com/steam/apps/1070820/ss_6722128e612d2b05da56cdbf6c3fe25edb76976f.1920x1080.jpg?t=1658426264,https://cdn.akamai.steamstatic.com/steam/apps/1070820/ss_88d878f7aee92b7801bd3343c4e34f2904c3e339.1920x1080.jpg?t=1658426264,https://cdn.akamai.steamstatic.com/steam/apps/1070820/ss_4275e3d48c75866983726c82a65a5163429af3fc.1920x1080.jpg?t=1658426264,https://cdn.akamai.steamstatic.com/steam/apps/1070820/ss_58f3ed9e3edb9938237b3f07702167af5cf48706.1920x1080.jpg?t=1658426264,https://cdn.akamai.steamstatic.com/steam/apps/1070820/ss_91e747c07afaf9c8f44ab513207650a901f659a0.1920x1080.jpg?t=1658426264,https://cdn.akamai.steamstatic.com/steam/apps/1070820/ss_f0c4850e87cdc115cbc0551fa3208d78b92a00da.1920x1080.jpg?t=1658426264,https://cdn.akamai.steamstatic.com/steam/apps/1070820/ss_7cc51abdd401c3f78479b70257932195d5bb3e6a.1920x1080.jpg?t=1658426264,https://cdn.akamai.steamstatic.com/steam/apps/1070820/ss_81ff12708bf4b1c52256fdd4748a3e113372b293.1920x1080.jpg?t=1658426264,https://cdn.akamai.steamstatic.com/steam/apps/1070820/ss_23e8d3c184dd9250c3aa4e41cd767a8197621558.1920x1080.jpg?t=1658426264,https://cdn.akamai.steamstatic.com/steam/apps/1070820/ss_758c5a6beca51e72eb61993d8155316b9e614293.1920x1080.jpg?t=1658426264,https://cdn.akamai.steamstatic.com/steam/apps/1070820/ss_98ab0af29fd0e8007fbb5e540e101e4a14f8ac28.1920x1080.jpg?t=1658426264"",""http://cdn.akamai.steamstatic.com/steam/apps/256864008/movie_max.mp4?t=1638988157,http://cdn.akamai.steamstatic.com/steam/apps/256758052/movie_max.mp4?t=1565907009""";;;;;;;;;;;;;;;;;;;;;;;;;;;;;;;;;;;;;;;;;;;;;;;;;;;;;;;;;;;;;;;;;;;;;;;;;;;;;;;;;;;;;;;;;;;;;;;;;;;;;;;;;;;;;;;;;;;;;;;;;;;;;;;;
"563360,""Market Tycoon"",""May 11, 2017"",""0 - 20000"",1,0,9.99,0,""What is Market Tycoon? Market Tycoon is a Tycoon game developed by Protection Games. Grow your Market from a small Mini Market all the way up to a Hyper Market. Manage, Create and customize your market. From wall paint to placing Cashiers, Shelves, and Fridges. Stock items of your choosing and be the boss by hiring employees and making discounts or running advertisements for your market. Features Item Expiration Date Food items have an expiration date, That means if an item stays on shelves for too long it will get removed, Just like real life. Money Management Rent, Electricity cost, and Employees salaries have an effect on your market. Every Market has a different Rent and Electricity cost so be careful you don't want to go bankrupt. Dynamic Item Removal Every Item on shelves get removed one by one when an AI character actually takes it, Which gives a high sense of realism. Manage employees Have a feeling of a boss by hiring cashiers or fire them to cut costs, Every employee has a different speed and salary so choose wisely. 154 Different items A wide range of items to put in your market, from Fruits and Vegetables all the way to Supplies like Tissue and Soap. And with the introduction of Steam Workshop to Market Tycoon to download more content, the possibilities are endless. Environments Whether your Market is in the city center, a Mall or a small Market on the highway, every environment has its attributes from Electricity cost to Population density."",""['English', 'French', 'Arabic', 'Romanian', 'German', 'Czech', 'Bulgarian', 'Portuguese - Brazil', 'Swedish', 'Simplified Chinese', 'Traditional Chinese', 'Polish', 'Spanish - Spain', 'Turkish', 'Korean']"",""[]"","""",""https://cdn.akamai.steamstatic.com/steam/apps/563360/header.jpg?t=1646427046"",""http://www.protectiongames.com/"",""http://www.protectiongames.com/contact"",""Contact@ProtectionGames.com"",True,False,False,0,"""",0,178,134,"""",0,286,"""",14,0,14,0,""Protection Games"",""Protection Games"",""Single-player,Steam Workshop"",""Casual,Indie,RPG,Simulation,Strategy,Early Access"",""Simulation,Indie,Strategy,Early Access,Casual,RPG,Management,Singleplayer,Building,Sandbox,Open World"",""https://cdn.akamai.steamstatic.com/steam/apps/563360/ss_40f9e71d102115485d4cc4cc2170881964854940.1920x1080.jpg?t=1646427046,https://cdn.akamai.steamstatic.com/steam/apps/563360/ss_f31446458112f199bee61285ac5d65ed632c1239.1920x1080.jpg?t=1646427046,https://cdn.akamai.steamstatic.com/steam/apps/563360/ss_3a79aac39ed07ae9aa3ebefc22df7ebfcc9409fc.1920x1080.jpg?t=1646427046,https://cdn.akamai.steamstatic.com/steam/apps/563360/ss_b07df9568e908e13429f5cb3361106db43df1280.1920x1080.jpg?t=1646427046,https://cdn.akamai.steamstatic.com/steam/apps/563360/ss_33579491cec6355ce8d36b780943ffe038afd2a9.1920x1080.jpg?t=1646427046,https://cdn.akamai.steamstatic.com/steam/apps/563360/ss_52c15633c97d691846898ced93954a288ccf9217.1920x1080.jpg?t=1646427046,https://cdn.akamai.steamstatic.com/steam/apps/563360/ss_d645547d59742322243579bd7f7a794b99987d6f.1920x1080.jpg?t=1646427046,https://cdn.akamai.steamstatic.com/steam/apps/563360/ss_c01f50bb4591002af396496dd3869083c6dcef0f.1920x1080.jpg?t=1646427046,https://cdn.akamai.steamstatic.com/steam/apps/563360/ss_2463a72114820a17563a4a95a09b5e8b168c9ecf.1920x1080.jpg?t=1646427046,https://cdn.akamai.steamstatic.com/steam/apps/563360/ss_c78ad027c68b0ad539ae4f49a2fc9d36a8e90a0c.1920x1080.jpg?t=1646427046,https://cdn.akamai.steamstatic.com/steam/apps/563360/ss_91898250818cfcc3c8fc2129e8e15c6ac70f73c4.1920x1080.jpg?t=1646427046"",""http://cdn.akamai.steamstatic.com/steam/apps/256718013/movie_max.mp4?t=1527444936""";;;;;;;;;;;;;;;;;;;;;;;;;;;;;;;;;;;;;;;;;;;;;;;;;;;;;;;;;;;;;;;;;;;;;;;;;;;;;;;;;;;;;;;;;;;;;;;;;;;;;;;;;;;;;;;;;;;;;;;;;;;;;;;;
"362940,""Courier of the Crypts"",""Apr 18, 2019"",""0 - 20000"",0,0,9.99,1,""The crypts, once a sacred place of mourning, is now a place of corruption, where dark rituals are practiced, unbeknownst to the world outside.. Survive as a Courier on his first errand to the ominous crypts in this puzzle adventure game. Your main tool to achieve the delivery is a magic torch, which you use to illuminate your path, defend from darkness and solve puzzles. The main aspect of the game is your magic torch. The environment will react to its flames in different ways so it will be common for you to toggle the flame on and off throughout the game. Some enemies will leave you alone while others will try to extinguish the torch. It's up to you to learn all about them and use that knowledge to your advantage. You can lure some enemies into traps or sneak past them. Will you let Dark Moths drink your light or attack you? Find riddles in the dark that only the magic flame can reveal. Enemies and puzzles should not be your main worry though... Flame is a limited resource, which keeps you safe from the dark spirits – it must never run out! Adventure story never told before Over 20 hand-crafted maps to explore Great atmosphere Lots of secrets Variety of enemies &amp";" puzzles Music and visuals for perfect ominous ambient. Secret maps Torch mechanics that will keep you going Challenging achievements Perfection system Crypts shop with perks Arachnophobia filter"",""['English']"",""[]"",""“Emberheart Games, the Slovenian studio behind this game, might just end up setting a new standard in indie gaming.” Gamers Sphere “With its wonderful lighting effects and haunting music, it seems almost hard to believe that Emberheart Games is only one person.” Indie Game Magazine"",""https://cdn.akamai.steamstatic.com/steam/apps/362940/header.jpg?t=1599678859"",""http://www.courierofthecrypts.com"","""",""info@courierofthecrypts.com"",True,False,False,0,"""",0,54,3,"""",51,0,"""",0,0,0,0,""Emberheart Games"",""Emberheart Games"",""Single-player,Steam Achievements,Full controller support,Steam Trading Cards,Steam Cloud,Steam Leaderboards"",""Adventure,Indie"",""Adventure,Indie,Pixel Graphics,Retro,Singleplayer,Difficult,Puzzle,Dungeon Crawler,2D"",""https://cdn.akamai.steamstatic.com/steam/apps/362940/ss_76bd8856b3c47dfd0fe4c9709a726b42db80d534.1920x1080.jpg?t=1599678859,https://cdn.akamai.steamstatic.com/steam/apps/362940/ss_124f7f5c749342d649ab30781d334778a3f0d315.1920x1080.jpg?t=1599678859,https://cdn.akamai.steamstatic.com/steam/apps/362940/ss_826aeb575d0c4bceebd54f291fa7a02fa6e89270.1920x1080.jpg?t=1599678859,https://cdn.akamai.steamstatic.com/steam/apps/362940/ss_85699093dcdda2ee5b7f75b2707f82471d158122.1920x1080.jpg?t=1599678859,https://cdn.akamai.steamstatic.com/steam/apps/362940/ss_9a80544af2985954d1b600ac0a872b4df7412d90.1920x1080.jpg?t=1599678859,https://cdn.akamai.steamstatic.com/steam/apps/362940/ss_9f9bdd986f970ef46203fb3b64790c98458b95c7.1920x1080.jpg?t=1599678859,https://cdn.akamai.steamstatic.com/steam/apps/362940/ss_2974cec126c51c62d0316d11553821de7f80d12f.1920x1080.jpg?t=1599678859,https://cdn.akamai.steamstatic.com/steam/apps/362940/ss_605d1de70107df59c06d6f41661f0fd2d0773998.1920x1080.jpg?t=1599678859,https://cdn.akamai.steamstatic.com/steam/apps/362940/ss_b977e1cee13a81918a0b771fb1363d70ccf5a497.1920x1080.jpg?t=1599678859"",""http://cdn.akamai.steamstatic.com/steam/apps/256748217/movie_max.mp4?t=1555611992""";;;;;;;;;;;;;;;;;;;;;;;;;;;;;;;;;;;;;;;;;;;;;;;;;;;;;;;;;;;;;;;;;;;;;;;;;;;;;;;;;;;;;;;;;;;;;;;;;;;;;;;;;;;;;;;;;;;;;;;;;;;;;;;
"1662340,""Case 02: Paranormal Evil"",""Sep 13, 2021"",""0 - 20000"",1,0,5.99,0,""A survival horror puzzle RPG. Roll your dice to perform checks for elements such as Willpower or Firepower, and save a girl in a hospital full of evil spirits and zombies. This work and Dice and the Tower of the Reanimator were co-developed by Sounding Stone and MaouCat Studio. These two games share similar gameplay elements but have completely different worlds and stories. / Features Dice × Survival Horror × Puzzles Roll a Willpower, Firepower, or Dexterity check to exorcise an evil spirit, fire at a zombie or avoid danger. Buy weapons to increase the number of dice you can roll — but be aware that your funds are limited. Strategic Luck Point System By paying Luck Points (LP), you can increase the value of your dice rolls. LP are limited. Use them wisely! Characters 'You' (default name: Marty) A patient who woke up from a coma. You have lost your memory along with all of your family and your only friend. Sarah 'Sally' Sweet An inpatient in the same hospital as you. She has a very sweet voice. Bruce 'Brucie' Lyne A member of the exorcist duo Ghosteaters. He follows his own principles. Jadrienne 'Jade' Lee A member of the Ghosteaters. She is in charge of scouting and support. Lucia 'Lucy' White The client of the Ghosteaters. She values her friends very much."",""['Traditional Chinese', 'English', 'Simplified Chinese', 'Japanese']"",""[]"","""",""https://cdn.akamai.steamstatic.com/steam/apps/1662340/header.jpg?t=1658229158"","""","""",""ikhaosvirus@gmail.com"",True,False,False,0,"""",0,25,1,"""",5,0,"""",0,0,0,0,""Sounding Stone / 老奉毊,MaouCat Studio / 魔王貓工作室"",""Sounding Stone / 老奉毊,RMAsia,Light of Creators"",""Single-player,Steam Achievements,Steam Cloud"",""Adventure,Casual,Indie,RPG"",""Tabletop,Puzzle,Survival Horror,JRPG,Visual Novel,Lovecraftian,Zombies,Dark Humor,Retro,RPG,2D,Casual,CRPG,Anime,Superhero,Adventure,Supernatural,Singleplayer,Indie,RPGMaker"",""https://cdn.akamai.steamstatic.com/steam/apps/1662340/ss_b4f573caea20c9a0decae35092a6c29849205383.1920x1080.jpg?t=1658229158,https://cdn.akamai.steamstatic.com/steam/apps/1662340/ss_dab70dfa6dba404cb1f24011b5a3ec506efb2c39.1920x1080.jpg?t=1658229158,https://cdn.akamai.steamstatic.com/steam/apps/1662340/ss_7c2e3bb9faadda5077e11203354b573824a8e0c0.1920x1080.jpg?t=1658229158,https://cdn.akamai.steamstatic.com/steam/apps/1662340/ss_0b5623493bae4efb6cc49fac56de27a4a8925804.1920x1080.jpg?t=1658229158,https://cdn.akamai.steamstatic.com/steam/apps/1662340/ss_67643e47f9941af0d495a634b5042f80ffffd5b5.1920x1080.jpg?t=1658229158"",""http://cdn.akamai.steamstatic.com/steam/apps/256849835/movie_max.mp4?t=1630837278""";;;;;;;;;;;;;;;;;;;;;;;;;;;;;;;;;;;;;;;;;;;;;;;;;;;;;;;;;;;;;;;;;;;;;;;;;;;;;;;;;;;;;;;;;;;;;;;;;;;;;;;;;;;;;;;;;;;;;;;;;;;;;;;;
"1555880,""Beam Car Crash Derby"",""Mar 17, 2021"",""0 - 20000"",0,0,1.99,0,""Ready to feel that 'fast and furious' on yourself? Then get behind the wheel and hit the gas. Don't think that playing alone will be something casual, your main aim in that part of the game will be to burn rubber and crash the car till the end. Floor it through the sand deserts and entertainment harbors and get the highest score. While competing with rivals you will get tons of joy, as your main task will be to break the hostiles car and keep your own vehicle in a previous state. Crash their cars, get them out of the road and show them who is the owner of the streets. Game Features: - 3 game modes - Various choice of the vehicles - Well redesigned physics"",""['English', 'Russian', 'Simplified Chinese']"",""['English', 'Simplified Chinese']"","""",""https://cdn.akamai.steamstatic.com/steam/apps/1555880/header.jpg?t=1626882261"","""","""",""business@atomicfabrik.com"",True,True,False,0,"""",0,6,4,"""",0,0,"""",0,0,0,0,""Success Games"",""Success Games"",""Single-player,Partial Controller Support"",""Action,Adventure,Casual,Indie,Racing,Simulation,Sports"",""Action,Adventure,Casual,Simulation,Racing,Sports,Auto Battler,Automobile Sim,Beat 'em up,Exploration,Realistic,Singleplayer,Driving,Family Friendly,Funny,Management,Multiple Endings,Open World,Third Person,Indie"",""https://cdn.akamai.steamstatic.com/steam/apps/1555880/ss_4ff913ee9c64a8e2b9c865b55413e43bfeac7eee.1920x1080.jpg?t=1626882261,https://cdn.akamai.steamstatic.com/steam/apps/1555880/ss_765846430e221dda916762dd7e0e5b2130e102e5.1920x1080.jpg?t=1626882261,https://cdn.akamai.steamstatic.com/steam/apps/1555880/ss_df7699bdae7cb8054e0861f5cfdd2d60e47eaf43.1920x1080.jpg?t=1626882261,https://cdn.akamai.steamstatic.com/steam/apps/1555880/ss_f54cd4e2fbdb77c96cbe367d8772257207e123a6.1920x1080.jpg?t=1626882261,https://cdn.akamai.steamstatic.com/steam/apps/1555880/ss_43e362bba4e0a97cc96c6f1e3b0b2bb9388ba3f0.1920x1080.jpg?t=1626882261,https://cdn.akamai.steamstatic.com/steam/apps/1555880/ss_2f9da545c949a71df6f9f59bd9daaa104c4c6d6c.1920x1080.jpg?t=1626882261,https://cdn.akamai.steamstatic.com/steam/apps/1555880/ss_8e7b60098f3b44e812147b4682966681af66fec1.1920x1080.jpg?t=1626882261"",""http://cdn.akamai.steamstatic.com/steam/apps/256824305/movie_max.mp4?t=1615919921""";;;;;;;;;;;;;;;;;;;;;;;;;;;;;;;;;;;;;;;;;;;;;;;;;;;;;;;;;;;;;;;;;;;;;;;;;;;;;;;;;;;;;;;;;;;;;;;;;;;;;;;;;;;;;;;;;;;;;;;;;;;;;;;;
"1362940,""Seasons of the Samurai"",""Nov 26, 2020"",""0 - 20000"",0,0,9.99,0,""Lead a samurai through a series of puzzles set in the eight provinces of Japan. Control the season and the time of day in order to change the configuration of each level, allowing the samurai a safe passage to the next level. All puzzles require logic reasoning and good memory skills. New mechanisms appear as you make your way through each prefecture of Japan, increasing the challenge throughout your journey. The combinations of seasons and times of day create realistic sunlight conditions. Leaves in the trees reflect all four seasons depicting the glowing reds of the maple trees in autumn and the beautiful purple and pink tints of the cherry trees in the spring. Discover all the pieces of a Japanese painting and earn all the belts all the way to the black belt!"",""['English', 'French', 'German', 'Spanish - Spain', 'Portuguese', 'Portuguese - Brazil', 'Spanish - Latin America', 'Simplified Chinese', 'Russian', 'Japanese']"",""[]"","""",""https://cdn.akamai.steamstatic.com/steam/apps/1362940/header.jpg?t=1606421414"",""http://seasonsofthesamurai.com"",""http://topviewstudio.com"",""support@topviewstudio.com"",True,True,False,0,"""",0,2,0,"""",25,0,"""",0,0,0,0,""Francis Malka"",""TopView Studio"",""Single-player,Steam Achievements,Full controller support,Steam Cloud,Stats,Steam Leaderboards"",""Casual,Indie,Strategy"",""Casual,Strategy,Logic,Puzzle,Platformer,Tabletop,Beautiful,Turn-Based Strategy,3D Platformer,Puzzle-Platformer,3D,Point & Click,Cartoon,Colorful,Cute,Funny,Stylized,Third Person,Top-Down,Relaxing"",""https://cdn.akamai.steamstatic.com/steam/apps/1362940/ss_a954cb235c5b0478b09bc1dc53880825d29a9276.1920x1080.jpg?t=1606421414,https://cdn.akamai.steamstatic.com/steam/apps/1362940/ss_c5c90b705472abc94d8de3356b59e969c0e9cf94.1920x1080.jpg?t=1606421414,https://cdn.akamai.steamstatic.com/steam/apps/1362940/ss_53f188b274b75e456c4ecbb231ebd50398f44d5b.1920x1080.jpg?t=1606421414,https://cdn.akamai.steamstatic.com/steam/apps/1362940/ss_6f2a72949a545968ec2f0efcd5300acdbe6c82cf.1920x1080.jpg?t=1606421414,https://cdn.akamai.steamstatic.com/steam/apps/1362940/ss_ad2cc1f1018fb5d9b6fb4c1e08969ae845579f96.1920x1080.jpg?t=1606421414,https://cdn.akamai.steamstatic.com/steam/apps/1362940/ss_40cd993b3bb44338fbb146d49f35918a01a2330e.1920x1080.jpg?t=1606421414,https://cdn.akamai.steamstatic.com/steam/apps/1362940/ss_604ffb458239580531e34b62e8f4e105f41a20a6.1920x1080.jpg?t=1606421414,https://cdn.akamai.steamstatic.com/steam/apps/1362940/ss_566af8e8af8fcec78aacfd98c7463f47850bf929.1920x1080.jpg?t=1606421414,https://cdn.akamai.steamstatic.com/steam/apps/1362940/ss_6825775a7354d597df3f1c3242f277b7c3bcc166.1920x1080.jpg?t=1606421414,https://cdn.akamai.steamstatic.com/steam/apps/1362940/ss_fbe1ae31f3cc45385f78507813edeac150d1ac5d.1920x1080.jpg?t=1606421414"",""http://cdn.akamai.steamstatic.com/steam/apps/256808612/movie_max.mp4?t=1605580166""";;;;;;;;;;;;;;;;;;;;;;;;;;;;;;;;;;;;;;;;;;;;;;;;;;;;;;;;;;;;;;;;;;;;;;;;;;;;;;;;;;;;;;;;;;;;;;;;;;;;;;;;;;;;;;;;;;;;;;;;;;;;;;;;
"495290,""AccuRC 2"",""Jul 12, 2017"",""20000 - 50000"",24,0,49.99,0,""The first version of AccuRC flight simulator was released in 2014. Since then, thousands of RC pilots have been enjoying the most sophisticated and realistic aerodynamic simulation ever produced. After continuous program of free upgrades, we’re now on version 2, which makes the AccuRC available on Steam, with all the advantages of ease of access, instant availability and slimmed down supply chain, passing the savings on to you, the customer. AccuRC offers RC fliers unique benefits unavailable with any other RC simulator. Cooperations with the finest brands in RC Each and every model and component in the sim are created entirely as the original, often using CAD files from the manufacturers themselves. Here are some of the companies we have worked with in the past and are currently working with, enabling us to represent their products as accurately as possible: BK Designs LLC Compass Models EGODRIFT Fun-Key Aeroplane Models GAUI TSH HALO Blades Heli-Professional HD Helicopters JR PROPO KST Servos Mikado USA Minicopter MSH USA OMPHobby OptiPower SAB Heli Division SAVÖX Scorpion Power System Limited Synergy RC Tarot RC Velos Rotors VTX Designs XLPower Xpert-RC Realism is our #1 priority AccuRC is designed to simulate the entire model from the servos to the blades and control surfaces, with control geometries and components accurately affecting the way things feel– it's not just simply a picture of a model. Your models can be set up to individual tastes and requirements, simply by swapping electrical and mechanical components and adjusting settings as you would do with your own model. That all is done via our unique workbench area, where you can get so close to the model that you can almost smell it. You can setup modes for training with enhanced stability options to get you started if you so require, but also for intermediate and advanced pilots who just want to have a good time making the air burn! Using our very own AH720 flybarless unit and our unique virtual transmitter, you can customize your model setups for each aircraft down to every nuance and learn how to use advanced RC equipment. AccuRC's broad selection of features Choose from countless helicopters, fixed wing and scale aircraft, drones, quads and buggies. Flying in 3D sceneries, you can also choose from a range of camera views to customize your flying experience even further– including first person view. AccuRC comes with super-detailed sceneries based on actual RC flying sites along with our new 3D rendered super-scape sceneries which include stadiums, cities and remote islands– ideal for any flying style from helicopter 3D, aerobatics to drone racing and first person view flying. AccuRC's super accurate aerodynamics- and physics engine ensures the most realistic and rewarding flight experience– recognized and used by many of the world's leading RC pilots."",""['English', 'French', 'Italian', 'German', 'Spanish - Spain', 'Czech', 'Dutch', 'Hungarian', 'Japanese', 'Portuguese', 'Portuguese - Brazil', 'Russian', 'Traditional Chinese']"",""['English', 'French', 'Italian', 'German', 'Spanish - Spain', 'Czech', 'Dutch', 'Hungarian', 'Japanese', 'Portuguese', 'Portuguese - Brazil', 'Russian', 'Traditional Chinese']"","""",""https://cdn.akamai.steamstatic.com/steam/apps/495290/header.jpg?t=1654885691"",""http://www.accurc.com"","""",""support@accurcsimulator.com"",True,False,False,0,"""",0,341,42,"""",0,272,"""",0,0,0,0,""trasnatech"",""trasnatech"",""Single-player,Multi-player,PvP,Online PvP,Shared/Split Screen PvP,Partial Controller Support,Steam Cloud,Remote Play Together"",""Racing,Simulation,Sports"",""Simulation,Racing,Sports,Flight"",""https://cdn.akamai.steamstatic.com/steam/apps/495290/ss_372d10e969a55d1db19f1fd8bb7f1dffa1cb2851.1920x1080.jpg?t=1654885691,https://cdn.akamai.steamstatic.com/steam/apps/495290/ss_aecda273813152606f6a4bf761510ca9e0724f11.1920x1080.jpg?t=1654885691,https://cdn.akamai.steamstatic.com/steam/apps/495290/ss_d5e50662f40f69daf3cb91176c9d197f5033a1d2.1920x1080.jpg?t=1654885691,https://cdn.akamai.steamstatic.com/steam/apps/495290/ss_585e7c9bc2a1e8752971ada242efbfa8e091c630.1920x1080.jpg?t=1654885691,https://cdn.akamai.steamstatic.com/steam/apps/495290/ss_1099e3e577f625364de881b709f8b39b10958fb1.1920x1080.jpg?t=1654885691,https://cdn.akamai.steamstatic.com/steam/apps/495290/ss_752c022b98e2b8b8ed6d264ebc7cebd327d25718.1920x1080.jpg?t=1654885691,https://cdn.akamai.steamstatic.com/steam/apps/495290/ss_cd0874d18a416e3c28b80ea1f53e94df8ba224ae.1920x1080.jpg?t=1654885691,https://cdn.akamai.steamstatic.com/steam/apps/495290/ss_7dd48beb97adb52b4f4310a7db7cc58c21e037fd.1920x1080.jpg?t=1654885691,https://cdn.akamai.steamstatic.com/steam/apps/495290/ss_594df595d0d05d6dbfb5e5672be7a2f081468187.1920x1080.jpg?t=1654885691,https://cdn.akamai.steamstatic.com/steam/apps/495290/ss_d54a2aadc1a93014812111371edce333084e9aeb.1920x1080.jpg?t=1654885691,https://cdn.akamai.steamstatic.com/steam/apps/495290/ss_44dc1a9c95997e0071b125971151665bec9525da.1920x1080.jpg?t=1654885691,https://cdn.akamai.steamstatic.com/steam/apps/495290/ss_00982f8db1ac82ef3a840c66d84e012ac230f7dc.1920x1080.jpg?t=1654885691,https://cdn.akamai.steamstatic.com/steam/apps/495290/ss_e9dae720b92f433c18ae24c134890cf66908b1b9.1920x1080.jpg?t=1654885691,https://cdn.akamai.steamstatic.com/steam/apps/495290/ss_c4d39176891e00bfa3d0bf9f12d009455f13e30b.1920x1080.jpg?t=1654885691,https://cdn.akamai.steamstatic.com/steam/apps/495290/ss_9351fbc75249e7e166c9cd2e013028c9c3552fe2.1920x1080.jpg?t=1654885691,https://cdn.akamai.steamstatic.com/steam/apps/495290/ss_74fd7eea913818a269f624eeb0b05d63756153d2.1920x1080.jpg?t=1654885691,https://cdn.akamai.steamstatic.com/steam/apps/495290/ss_fc8f29dfad56b9a725364575b7be56477ecfacf4.1920x1080.jpg?t=1654885691,https://cdn.akamai.steamstatic.com/steam/apps/495290/ss_8f56d481b42be615a8b2c23bee67b42884c6135d.1920x1080.jpg?t=1654885691,https://cdn.akamai.steamstatic.com/steam/apps/495290/ss_7a9a6571be1611058499d5c0e3efd290663029c8.1920x1080.jpg?t=1654885691,https://cdn.akamai.steamstatic.com/steam/apps/495290/ss_f8162f00702830ff8ae805462e898cf4babea6e9.1920x1080.jpg?t=1654885691,https://cdn.akamai.steamstatic.com/steam/apps/495290/ss_2a4b7bd46887c23364a0f58279b9cd8210a264fc.1920x1080.jpg?t=1654885691,https://cdn.akamai.steamstatic.com/steam/apps/495290/ss_02a84ea1a6a9a87e908e32479654fd17b181eb00.1920x1080.jpg?t=1654885691,https://cdn.akamai.steamstatic.com/steam/apps/495290/ss_936674367c8c12cbbe149d8c5e12ad3831f3afca.1920x1080.jpg?t=1654885691,https://cdn.akamai.steamstatic.com/steam/apps/495290/ss_ef1b3a6a977b4abba756237c92912339544038ad.1920x1080.jpg?t=1654885691,https://cdn.akamai.steamstatic.com/steam/apps/495290/ss_7617079358955ddcadc3291330ebcd4a8ce9292b.1920x1080.jpg?t=1654885691,https://cdn.akamai.steamstatic.com/steam/apps/495290/ss_becbb9a340301bd4fa5ee0e9f8942e3723a407b0.1920x1080.jpg?t=1654885691,https://cdn.akamai.steamstatic.com/steam/apps/495290/ss_890078a90bd6bb42c9770bb7508c8e9f21f442ed.1920x1080.jpg?t=1654885691,https://cdn.akamai.steamstatic.com/steam/apps/495290/ss_d18922c4316b849485c1041d5d2e6a1a5aa9c9e7.1920x1080.jpg?t=1654885691,https://cdn.akamai.steamstatic.com/steam/apps/495290/ss_652bffe71ce1799c8e709b9485a16ade0f773557.1920x1080.jpg?t=1654885691,https://cdn.akamai.steamstatic.com/steam/apps/495290/ss_01289beff7d4a28dadd65b0666e2b60b00ede285.1920x1080.jpg?t=1654885691,https://cdn.akamai.steamstatic.com/steam/apps/495290/ss_fc1c9a395abc86d2f96a1961be93553b61498ea1.1920x1080.jpg?t=1654885691,https://cdn.akamai.steamstatic.com/steam/apps/495290/ss_62a43ecfea9720038f6fdce282a891ce58affa15.1920x1080.jpg?t=1654885691,https://cdn.akamai.steamstatic.com/steam/apps/495290/ss_ad4ca2014dc85edc3e7e8ba1149584d5d93714b7.1920x1080.jpg?t=1654885691,https://cdn.akamai.steamstatic.com/steam/apps/495290/ss_4da8846b31c6f60e84eb9dff71812a7cea097c3b.1920x1080.jpg?t=1654885691,https://cdn.akamai.steamstatic.com/steam/apps/495290/ss_327863cbd586d10ca7407e8841ad9fa281f45d8d.1920x1080.jpg?t=1654885691,https://cdn.akamai.steamstatic.com/steam/apps/495290/ss_c8a45ba343a6891ca754edb872ee9a39420eafb9.1920x1080.jpg?t=1654885691,https://cdn.akamai.steamstatic.com/steam/apps/495290/ss_9427d36d2bc18ae05c3ce58e7ca369833a490f2a.1920x1080.jpg?t=1654885691,https://cdn.akamai.steamstatic.com/steam/apps/495290/ss_b55d784df62bce176798e3dcb5f61b0c2e6ca6eb.1920x1080.jpg?t=1654885691,https://cdn.akamai.steamstatic.com/steam/apps/495290/ss_e01a9a77d726cb8f8cd55fb75bcd77cfe3a424df.1920x1080.jpg?t=1654885691,https://cdn.akamai.steamstatic.com/steam/apps/495290/ss_e5e177e568b020ea153c55c260072ace11c97fb1.1920x1080.jpg?t=1654885691,https://cdn.akamai.steamstatic.com/steam/apps/495290/ss_4006a6e4138c0bbdaa10b8f4f0219639bfa0ec07.1920x1080.jpg?t=1654885691,https://cdn.akamai.steamstatic.com/steam/apps/495290/ss_d5b699681cf47783956e0e702801ee90b9e8051c.1920x1080.jpg?t=1654885691,https://cdn.akamai.steamstatic.com/steam/apps/495290/ss_89203dc4b41da40cdc1a5ce2d91997540e1ed540.1920x1080.jpg?t=1654885691,https://cdn.akamai.steamstatic.com/steam/apps/495290/ss_ad13dc6c2d0c0de141bbaf2ae1a125284c8eecdd.1920x1080.jpg?t=1654885691,https://cdn.akamai.steamstatic.com/steam/apps/495290/ss_66122481f6c5e3657ba14d29620ce3d67508fbe3.1920x1080.jpg?t=1654885691,https://cdn.akamai.steamstatic.com/steam/apps/495290/ss_a8043086ef775c908e00931162aaeb50f1864a52.1920x1080.jpg?t=1654885691,https://cdn.akamai.steamstatic.com/steam/apps/495290/ss_de3e30725597482410fae985acb7b18436a4eb61.1920x1080.jpg?t=1654885691,https://cdn.akamai.steamstatic.com/steam/apps/495290/ss_be61c355971a126a9c701cca61fd375e3f5f519a.1920x1080.jpg?t=1654885691,https://cdn.akamai.steamstatic.com/steam/apps/495290/ss_651e8f05f4ac8e5b602b4e4e25a710f884dda4f0.1920x1080.jpg?t=1654885691,https://cdn.akamai.steamstatic.com/steam/apps/495290/ss_f442f6b6b6d430560ce342b20eb1fb729f5bdf4e.1920x1080.jpg?t=1654885691,https://cdn.akamai.steamstatic.com/steam/apps/495290/ss_b015a88a65a2b2fd1ef75d9e451d6962a7f5537a.1920x1080.jpg?t=1654885691,https://cdn.akamai.steamstatic.com/steam/apps/495290/ss_869ea45c5e0fb33d9c84e2f04a1ce577a3f78792.1920x1080.jpg?t=1654885691,https://cdn.akamai.steamstatic.com/steam/apps/495290/ss_a90e7994a6f3c0f5c5cadfd80b6b68dedb26c6f0.1920x1080.jpg?t=1654885691,https://cdn.akamai.steamstatic.com/steam/apps/495290/ss_36e4b005d034e73717b3ffb3deacc4a2b70fc0a3.1920x1080.jpg?t=1654885691,https://cdn.akamai.steamstatic.com/steam/apps/495290/ss_3ea7a85b1623b9374754b4a1bd4245543b246a50.1920x1080.jpg?t=1654885691,https://cdn.akamai.steamstatic.com/steam/apps/495290/ss_13ad27a0f6ee29868ea32fe76c98e3e70cd80ca3.1920x1080.jpg?t=1654885691,https://cdn.akamai.steamstatic.com/steam/apps/495290/ss_8c038bebd98000c501c37db3c3f99e7f5e77bb9a.1920x1080.jpg?t=1654885691,https://cdn.akamai.steamstatic.com/steam/apps/495290/ss_2c15d778979a34e34843513bae64dd9ad7087c5a.1920x1080.jpg?t=1654885691,https://cdn.akamai.steamstatic.com/steam/apps/495290/ss_6d40569b015d03fcd45bb90843fa4e040e62b147.1920x1080.jpg?t=1654885691,https://cdn.akamai.steamstatic.com/steam/apps/495290/ss_3a025c806ba8f0c77cb905cd741c31aaa04b2277.1920x1080.jpg?t=1654885691,https://cdn.akamai.steamstatic.com/steam/apps/495290/ss_2a1ad00d784f5f26d52d325150e63197c7649915.1920x1080.jpg?t=1654885691,https://cdn.akamai.steamstatic.com/steam/apps/495290/ss_74b9d516f0a0cb035886f557c4da9f2a620d26b7.1920x1080.jpg?t=1654885691"",""http://cdn.akamai.steamstatic.com/steam/apps/256759110/movie_max.mp4?t=1604348451""";;;;;;;;;;;;;;;;;;;;;;;;;;;;;;;;;;;;;;;;;;;;;;;;;;;;;;;;;;;;;;;;;;;;;;;;;;;;;;;;;;;;;;;;;;;;;;;;;;;;;;;;;;;;;;;;;;;;;;;;;;;;;;;;
"1986170,""Mad Bullz"",""Jun 1, 2022"",""0 - 20000"",0,0,2.99,0,""Think like a bull Have you ever wondered what it's like to be a four-legged pile of muscles with two sharp horns? Now you have a chance to run around and destroy anything that stands on your way. With the mouse, you have a full control over the bull's head movement. The game uses advanced active ragdoll physics - enemies are not just puppets, the animation only drives the physics engine, so you can interact with their movement. Use the environment Anything that you can pick up can be a weapon: use tables, benches, boxes and other stuff to defeat your enemies. Every item has its limits and will be destroyed after few hits. Keep the distance Your horns are a deadly weapon, but why taking the risk? Keep your distance and throw items into the enemies, they will regret attacking you. Bull the impaler The quickest way to kill an enemy is to throw him on some sharp objects... like a hay fork. They must be so stupid to leave those lying around like that. Nasty axes Watch out for the axe throwers, they are easy to defeat but are deadly on the distance. Look how beautifully the axe pierce your skin, it must be sharp as hell. Early Access The game is in Early Access right now and I keep adding new features every 2 weeks."",""['English']"",""['English']"","""",""https://cdn.akamai.steamstatic.com/steam/apps/1986170/header.jpg?t=1656424925"","""","""",""feedback.madbullz@gmail.com"",True,False,False,0,"""",0,6,1,"""",0,0,""Game contains mild violence - killing people, but with no gore effects."",0,0,0,0,""APP-Software"",""APP-Software"",""Single-player"",""Indie,Early Access"",""Action,Physics,Simulation,Beat 'em up,Sandbox,3D Platformer,3D,Destruction,Medieval,Indie,Early Access,Violent,Nature,PvE,Singleplayer"",""https://cdn.akamai.steamstatic.com/steam/apps/1986170/ss_8e22414c4558f3671d3b828adc0c87f6e7296ff6.1920x1080.jpg?t=1656424925,https://cdn.akamai.steamstatic.com/steam/apps/1986170/ss_7f26470fe06104417d1b47e9e3a96a57e9eb3477.1920x1080.jpg?t=1656424925,https://cdn.akamai.steamstatic.com/steam/apps/1986170/ss_e67b428771268b55e6d8fbe47847bee4ac637a67.1920x1080.jpg?t=1656424925,https://cdn.akamai.steamstatic.com/steam/apps/1986170/ss_63f1f6279cb005df77eb12d18ba148919ee5e38f.1920x1080.jpg?t=1656424925,https://cdn.akamai.steamstatic.com/steam/apps/1986170/ss_ec9417549e723745aea25be4672c8727edce4d4b.1920x1080.jpg?t=1656424925,https://cdn.akamai.steamstatic.com/steam/apps/1986170/ss_91b2f7274b946d1662a48140171395edfbfe7bf9.1920x1080.jpg?t=1656424925,https://cdn.akamai.steamstatic.com/steam/apps/1986170/ss_043919d3b14a1ce8631fe100ac10508ff1114fe4.1920x1080.jpg?t=1656424925"",""http://cdn.akamai.steamstatic.com/steam/apps/256885082/movie_max.mp4?t=1656419338""";;;;;;;;;;;;;;;;;;;;;;;;;;;;;;;;;;;;;;;;;;;;;;;;;;;;;;;;;;;;;;;;;;;;;;;;;;;;;;;;;;;;;;;;;;;;;;;;;;;;;;;;;;;;;;;;;;;;;;;;;;;;;;;;
"2222970,""Blood Wizard Odyssey"",""Dec 12, 2022"",""0 - 0"",0,0,0.0,0,""Blood Wizard Odyssey is an RPG about a little Wizard on a big, big adventure... Assemble your team of wretched magicians to traverse a fetid world of Ogres, Ghouls, Blood Imps, Blood, and more(!), and journey to uncover the secrets that this terrible blood earth holds. Includes: -blood wizards -nasty hags -ogres -blood ghouls -dwarves -meat -vinegar -the word of God -several former United States presidents"",""['English']"",""['English']"","""",""https://cdn.akamai.steamstatic.com/steam/apps/2222970/header.jpg?t=1670847239"","""","""",""rejectedamish2@gmail.com"",True,True,False,0,"""",0,0,0,"""",0,0,""This game contains explicit language and sexual references."",0,0,0,0,""GNOMEPUNK"",""We Buy Gnomes"",""Single-player,Full controller support"",""Adventure,Free to Play,Indie,RPG"","""",""https://cdn.akamai.steamstatic.com/steam/apps/2222970/ss_f0aa416339139d38ecdf1d000348c630e308e4e8.1920x1080.jpg?t=1670847239,https://cdn.akamai.steamstatic.com/steam/apps/2222970/ss_2317c6394c441441d39f049f4631c30e1f74cd6b.1920x1080.jpg?t=1670847239,https://cdn.akamai.steamstatic.com/steam/apps/2222970/ss_2b072362a452d6f69878015b1dd0a44878abb37d.1920x1080.jpg?t=1670847239,https://cdn.akamai.steamstatic.com/steam/apps/2222970/ss_c898ced02394c22aa8349e78091acc6f67bb5552.1920x1080.jpg?t=1670847239,https://cdn.akamai.steamstatic.com/steam/apps/2222970/ss_1fb85d4a59065b2408e5e4558dabe1463fa84cc0.1920x1080.jpg?t=1670847239,https://cdn.akamai.steamstatic.com/steam/apps/2222970/ss_d091b104fb35439caa3bc7b6a646e954cbf66050.1920x1080.jpg?t=1670847239,https://cdn.akamai.steamstatic.com/steam/apps/2222970/ss_3f22ab951c23ca58b8ab4f0d6d96b9fdc6e78f64.1920x1080.jpg?t=1670847239"",""http://cdn.akamai.steamstatic.com/steam/apps/256916490/movie_max.mp4?t=1668724698""";;;;;;;;;;;;;;;;;;;;;;;;;;;;;;;;;;;;;;;;;;;;;;;;;;;;;;;;;;;;;;;;;;;;;;;;;;;;;;;;;;;;;;;;;;;;;;;;;;;;;;;;;;;;;;;;;;;;;;;;;;;;;;;;
"1402320,""Medal of Honor™: Above and Beyond"",""Dec 10, 2020"",""50000 - 100000"",20,0,31.99,0,""Medal of Honor: Above and Beyond is an action-packed, immersive VR experience set in World War II, where you step into the boots of an agent of the Office of Strategic Services (OSS) in war-torn Europe. A deep single-player campaign bursting with authentic detail takes you through historic events on land, air, and sea, sabotaging Nazi bases, subverting enemy plans, aiding the French Resistance, and partaking in the biggest moments of the war. In addition to the rich narrative campaign, you’ll be able to hone your skills in challenging combat exercises, go deeper into the history with award-winning short films created just for the game, and test yourself against your fellow soldiers in explosive, fast-paced multiplayer matches. Multiplayer modes take place on numerous sites across Europe and feature competitive modes where you fight alone, with a team, or even scramble to plant and diffuse timed explosives. You’ll need more than good aim to succeed in your mission. Use anything in the world as cover, throw back enemy grenades, swim from sinking ships, and dive out of burning airplanes. You’ll have to stay on your toes if you want to make it out alive. You’re not watching history, you’re experiencing it, like never before."",""['English', 'German', 'French', 'Japanese', 'Korean', 'Spanish - Latin America']"",""['English', 'Spanish - Latin America']"","""",""https://cdn.akamai.steamstatic.com/steam/apps/1402320/header.jpg?t=1624914237"","""",""https://help.ea.com/"","""",True,False,False,0,"""",0,1222,773,"""",80,1846,"""",100,0,100,0,""Respawn Entertainment"",""Electronic Arts"",""Single-player,Multi-player,PvP,Online PvP,Steam Achievements,Steam Trading Cards"",""Action"",""Action,VR,World War II,Singleplayer,First-Person,Wargame,War,Action-Adventure,Multiplayer,Gore,Open World,Violent,Action RPG,Action Roguelike,Shooter,FPS,Historical,Military,VR Only"",""https://cdn.akamai.steamstatic.com/steam/apps/1402320/ss_d9bffbfb0662268a9a31eeaef6227cdabe34f78d.1920x1080.jpg?t=1624914237,https://cdn.akamai.steamstatic.com/steam/apps/1402320/ss_874e1bd78394ccefac6da4249ab1db5464674471.1920x1080.jpg?t=1624914237,https://cdn.akamai.steamstatic.com/steam/apps/1402320/ss_de0c589a24df7a5b8424946027a6f6c3dae13256.1920x1080.jpg?t=1624914237,https://cdn.akamai.steamstatic.com/steam/apps/1402320/ss_bcdd67813f2fd32b1be0879bc50199e9bedcd5b4.1920x1080.jpg?t=1624914237,https://cdn.akamai.steamstatic.com/steam/apps/1402320/ss_d01ffd7148561f0491e8a440e49a1f2407d57171.1920x1080.jpg?t=1624914237"",""http://cdn.akamai.steamstatic.com/steam/apps/256813237/movie_max.mp4?t=1607707643,http://cdn.akamai.steamstatic.com/steam/apps/256812046/movie_max.mp4?t=1606927146,http://cdn.akamai.steamstatic.com/steam/apps/256809294/movie_max.mp4?t=1605199365,http://cdn.akamai.steamstatic.com/steam/apps/256804038/movie_max.mp4?t=1602278216""";;;;;;;;;;;;;;;;;;;;;;;;;;;;;;;;;;;;;;;;;;;;;;;;;;;;;;;;;;;;;;;;;;;;;;;;;;;;;;;;;;;;;;;;;;;;;;;;;;;;;;;;;;;;;;;;;;;;;;;;;;;;;;;;
"1368640,""Black Knight - Milena"",""Oct 9, 2020"",""0 - 20000"",0,0,14.99,0,""The Black Knight – Milena is a classic Fantasy Action-RPG where you’ll be playing as Milena, a rookie Black Knight blessed with gift, but also cursed with hubris. If only she was more experienced, she would’ve succeeded her mission! (Even if she took it without permission.) But she didn’t, so she’s stuck training herself with her master, Celia, to become a better Black Knight. Featuring: - A classic Action-RPG system that is easy to pick up, but fun and smooth to play with diverse range of enemies - Upgradable character! As a Black Knight, choose whether to master might or magic! - Many equipment to choose from. Mix and match them for your character build. - Anime-esque story with beautiful character CG during dialogues."",""['English']"",""[]"","""",""https://cdn.akamai.steamstatic.com/steam/apps/1368640/header.jpg?t=1602273822"","""","""",""capsulecore_studio@hotmail.com"",True,False,False,0,"""",0,0,0,"""",15,0,""This game contains partial nudity, sexual themes, harsh language, and content that may not be suitable for all ages. All characters are over 18 years old."",0,0,0,0,""Capsule Core"",""Capsule Core"",""Single-player,Steam Achievements,Steam Cloud"",""Action,Adventure,Indie,RPG"","""",""https://cdn.akamai.steamstatic.com/steam/apps/1368640/ss_ccfb9708e3c16296fbd260f7b6f3d8dbcd918ced.1920x1080.jpg?t=1602273822,https://cdn.akamai.steamstatic.com/steam/apps/1368640/ss_5817719bfd1df6c1e8de67f5d2bcf1c3562c5c4a.1920x1080.jpg?t=1602273822,https://cdn.akamai.steamstatic.com/steam/apps/1368640/ss_6adc49703723e1b7dabdc2272041244d9404c6cc.1920x1080.jpg?t=1602273822,https://cdn.akamai.steamstatic.com/steam/apps/1368640/ss_6a5459c3d6488213efd4c668d95066fc27e59d95.1920x1080.jpg?t=1602273822,https://cdn.akamai.steamstatic.com/steam/apps/1368640/ss_3d005e7144b7920a96952539aa8fada85fadb4bb.1920x1080.jpg?t=1602273822,https://cdn.akamai.steamstatic.com/steam/apps/1368640/ss_a010c75e71bf4d8fb1acf9f027f83f14b8f3125b.1920x1080.jpg?t=1602273822,https://cdn.akamai.steamstatic.com/steam/apps/1368640/ss_4e2185adb80eb14a1163a8a2f27145ab4ffe59f1.1920x1080.jpg?t=1602273822,https://cdn.akamai.steamstatic.com/steam/apps/1368640/ss_d33e8f7d0e088667cb984f21d6136e937d2224e9.1920x1080.jpg?t=1602273822,https://cdn.akamai.steamstatic.com/steam/apps/1368640/ss_061d291faa07c3df06965c64298edf805c1a04af.1920x1080.jpg?t=1602273822,https://cdn.akamai.steamstatic.com/steam/apps/1368640/ss_3d9829cb623aee91fd63954580b1669736e4a5e2.1920x1080.jpg?t=1602273822,https://cdn.akamai.steamstatic.com/steam/apps/1368640/ss_73f74220bbfed17effca666214eeb7562b05938e.1920x1080.jpg?t=1602273822,https://cdn.akamai.steamstatic.com/steam/apps/1368640/ss_bfabd78fde8209c498b811d8cdb50955ee019e33.1920x1080.jpg?t=1602273822,https://cdn.akamai.steamstatic.com/steam/apps/1368640/ss_88672838acdf011fb7187c2713b39abc237e75f0.1920x1080.jpg?t=1602273822,https://cdn.akamai.steamstatic.com/steam/apps/1368640/ss_61540b016026aa0fe305989468b7e7e6e68d3012.1920x1080.jpg?t=1602273822,https://cdn.akamai.steamstatic.com/steam/apps/1368640/ss_3812a9e3dd49c303f2fb72f0875c84efa4820147.1920x1080.jpg?t=1602273822,https://cdn.akamai.steamstatic.com/steam/apps/1368640/ss_8a464f9b5731185e5d8df0449613acb58342055f.1920x1080.jpg?t=1602273822"",""http://cdn.akamai.steamstatic.com/steam/apps/256800659/movie_max.mp4?t=1600279674""";;;;;;;;;;;;;;;;;;;;;;;;;;;;;;;;;;;;;;;;;;;;;;;;;;;;;;;;;;;;;;;;;;;;;;;;;;;;;;;;;;;;;;;;;;;;;;;;;;;;;;;;;;;;;;;;;;;;;;;;;;;;;;;;
"1184550,""TERMINAL VR"",""Dec 17, 2019"",""0 - 20000"",0,0,14.99,0,""BAYONETS: Melee phase one feature. RUSH: Travel on foot through different environments and find your way to the rendezvous location for evacuation. Make the most of your limited support and equipment to push through the infected to your objective. ARCADE: Outlast extreme weather while fending off infected ambushes. Get animated in order to dodge flying, floating, and rolling debris. Use trial and error to maximize the potential of your weapon HOLDOUT: Hold your ground against the infected in a classic horde style mode. Use ranged weapons to pick them off from a distance, or just blow them up with a home-made firework launcher. Special abilities such as slow time and sprint can make a difference in tight situations. INBOUND MODES- (COMING SOON) THE PIT: A sandbox arena that will feature The Infected, Raiders and Violent Weather. Earn points in the other modes to unlock better weapons for better results. ARENA: (Coming 0.4) Utilize melee combat and anything from throwing bricks to jabbing with a jackhammer. Use the mode exclusive health regeneration ability to outlast the enemy. FEATURES: Snap Turn, Free Rotation, Resolution Control, Graphic Quality Settings."",""['English']"",""['English']"","""",""https://cdn.akamai.steamstatic.com/steam/apps/1184550/header.jpg?t=1587955490"",""https://www.remanicvr.com/"",""https://www.remanicvr.com/"",""remanicgames@gmail.com"",True,False,False,0,"""",0,11,5,"""",0,0,""Intense Violence"",0,0,0,0,""REMANIC"",""REMANIC"",""Single-player"",""Action,Indie,Early Access"",""Action,Indie,Early Access,Violent,Gore,VR,Horror"",""https://cdn.akamai.steamstatic.com/steam/apps/1184550/ss_52d973249979bb395e2e33bbadd1799bff5c36a2.1920x1080.jpg?t=1587955490,https://cdn.akamai.steamstatic.com/steam/apps/1184550/ss_c1302bcbc8e437bb733e8485fb01784246ef4627.1920x1080.jpg?t=1587955490,https://cdn.akamai.steamstatic.com/steam/apps/1184550/ss_f0aea60a520a77a9052f31542ca15befd4e4c129.1920x1080.jpg?t=1587955490,https://cdn.akamai.steamstatic.com/steam/apps/1184550/ss_5e853aa6b888905a7215096608f54d967e296e65.1920x1080.jpg?t=1587955490,https://cdn.akamai.steamstatic.com/steam/apps/1184550/ss_d871f07d9863801cadc7e49a6df146cf8dd7de52.1920x1080.jpg?t=1587955490,https://cdn.akamai.steamstatic.com/steam/apps/1184550/ss_68d43e7a32afa70defb9106ec7eeedaff282922f.1920x1080.jpg?t=1587955490,https://cdn.akamai.steamstatic.com/steam/apps/1184550/ss_0c636abf113d5608399a107ccc0c71e9bff560ce.1920x1080.jpg?t=1587955490"",""http://cdn.akamai.steamstatic.com/steam/apps/256768840/movie_max.mp4?t=1575418028""";;;;;;;;;;;;;;;;;;;;;;;;;;;;;;;;;;;;;;;;;;;;;;;;;;;;;;;;;;;;;;;;;;;;;;;;;;;;;;;;;;;;;;;;;;;;;;;;;;;;;;;;;;;;;;;;;;;;;;;;;;;;;;;;
"872720,""SuperMash"",""Jan 13, 2021"",""0 - 20000"",0,0,19.99,1,""In SuperMash , you're an independent video game store clerk who's found a special magical game console. It spews out retro games with crazy randomized titles, mashed-up gameplay and objectives, and even authentic bugs - all of which you'll get to play! Including elements of multiple classic game genres, from Action Adventure to JRPG, SHMUP to Classic Platformer, every mashed boot-up is an unexpected surprise! EXPECT THE UNEXPECTED! – Glitches, goals, and obstacles change up the gameplay, so you never know if you're headed to an easy win - or an near impossible challenge! CUSTOMIZE YOUR GAMES! – With Dev Cards, you can customize elements of each Mash, like enemies, players, mechanics, and environments. Keep playing to collect them all! THE POSSIBILITIES ARE ENDLESS! – With genres including Platformer, Action Adventure, Shoot ‘Em Up, Metrovania, Stealth, and JRPG, there are all kinds of wacky - sometimes wonderful, sometimes scary - ways that gameplay, bugs and objectives can randomly combine. CHALLENGE YOUR FRIENDS! – Share each Mash’s unique code with a friend or streamer to see if they can succeed where you failed—or impress them by completing their “impossible” Mashes!"",""['English', 'French', 'Italian', 'German', 'Spanish - Spain', 'Portuguese - Brazil']"",""['English', 'Portuguese - Brazil']"",""“If you’re looking for light-hearted fun with a surprisingly touching storyline and massive replayability value or you’re just generally in the mood for a great game, look no further than SuperMash.” 100 – Hey Poor Player “Gamers of all ages and fans of all genres should check this one out. SuperMash is a pretty cool game.” 85 – GamesReviews “I am happy to say that SuperMash is like nothing else I have experienced, and I want to keep mashing and mashing more games even after investing hours in for this review.” 80 – ZTGD"",""https://cdn.akamai.steamstatic.com/steam/apps/872720/header.jpg?t=1610575273"",""https://www.digitalcontinue.com"",""https://www.digitalcontinue.com"",""help@digitalcontinue.com"",True,False,True,0,"""",0,29,13,"""",45,0,"""",0,0,0,0,""Digital Continue"",""Digital Continue"",""Single-player,Steam Achievements,Partial Controller Support"",""Action,Indie,RPG,Simulation"",""JRPG,GameMaker,Retro,Stealth,Game Development,Old School,Procedural Generation,Top-Down,Indie,Action,Action-Adventure,Experimental,Colorful,Platformer,Pixel Graphics,Rogue-like,Artificial Intelligence,2D Platformer,Singleplayer,Family Friendly"",""https://cdn.akamai.steamstatic.com/steam/apps/872720/ss_13ddd4f3b821ca2e5203bd9eb3a7fcd66a57cd6a.1920x1080.jpg?t=1610575273,https://cdn.akamai.steamstatic.com/steam/apps/872720/ss_631b8984ff538912bf9a9d22138b8a06dee0af3b.1920x1080.jpg?t=1610575273,https://cdn.akamai.steamstatic.com/steam/apps/872720/ss_0c07e0da70ead3283259939cbb5086440279c581.1920x1080.jpg?t=1610575273,https://cdn.akamai.steamstatic.com/steam/apps/872720/ss_1f437e6e99b4de40ddbadba1714e054fd5a41ff0.1920x1080.jpg?t=1610575273,https://cdn.akamai.steamstatic.com/steam/apps/872720/ss_5196c8e4eb03fa15ce090f4b53780faa29ac2598.1920x1080.jpg?t=1610575273,https://cdn.akamai.steamstatic.com/steam/apps/872720/ss_6887316d9e99f531dbc1f961df35e964d3a6bcfd.1920x1080.jpg?t=1610575273,https://cdn.akamai.steamstatic.com/steam/apps/872720/ss_7686bd0641bfd5449a3bdfafcd26a3f46db14175.1920x1080.jpg?t=1610575273,https://cdn.akamai.steamstatic.com/steam/apps/872720/ss_aa3ae64c72599d7532de4a0878da2e6321efbb8c.1920x1080.jpg?t=1610575273,https://cdn.akamai.steamstatic.com/steam/apps/872720/ss_af20228819f8d95aff9f7278d5f3a8789323d376.1920x1080.jpg?t=1610575273,https://cdn.akamai.steamstatic.com/steam/apps/872720/ss_a5f750094dd798ec88a973aaa2f1fde1d334cdca.1920x1080.jpg?t=1610575273,https://cdn.akamai.steamstatic.com/steam/apps/872720/ss_c79be8bfd1c1214d551c84f7966fd22ba6042edc.1920x1080.jpg?t=1610575273,https://cdn.akamai.steamstatic.com/steam/apps/872720/ss_c38e2a786b7e05b4512c048894877c1c6af2a3aa.1920x1080.jpg?t=1610575273,https://cdn.akamai.steamstatic.com/steam/apps/872720/ss_5c7a3ad961ddeb1bb672d6e4ce2f6395117d7f85.1920x1080.jpg?t=1610575273,https://cdn.akamai.steamstatic.com/steam/apps/872720/ss_a66b37645f885f2388996b07a4069b4cecd3171a.1920x1080.jpg?t=1610575273,https://cdn.akamai.steamstatic.com/steam/apps/872720/ss_e6eb32a1654f9fd5dbcc8d48efaae795a84f3aae.1920x1080.jpg?t=1610575273,https://cdn.akamai.steamstatic.com/steam/apps/872720/ss_6f2e9833f876010a94d1086856642664adc0d83e.1920x1080.jpg?t=1610575273"",""http://cdn.akamai.steamstatic.com/steam/apps/256802433/movie_max.mp4?t=1602179823,http://cdn.akamai.steamstatic.com/steam/apps/256802435/movie_max.mp4?t=1602179832""";;;;;;;;;;;;;;;;;;;;;;;;;;;;;;;;;;;;;;;;;;;;;;;;;;;;;;;;;;;;;;;;;;;;;;;;;;;;;;;;;;;;;;;;;;;;;;;;;;;;;;;;;;;;;;;;;;;;;;;;;;;;;;;;
"555220,""Detention"",""Jan 12, 2017"",""500000 - 1000000"",17,0,11.99,1,""Greenwood high school, located in a remote mountainous area, two students found themselves trapped and vulnerable. The place they once knew has changed in unsettling ways, haunted by evil creatures. To escape, they must explore the mysterious campus filled with ominous objects and puzzles. How will they survive in this ever threatening environment? Could they return to safety in one piece? Set in a fictitious world in the 1960s Taiwan under martial law, Detention, the story-driven atmospheric horror incorporated East Asian elements rarely used in games. Taoism, Buddhism, Chinese mythology, the game draws on local Taiwanese cultural references to tell an unique and terrifying story. In this 2D atmospheric horror side-scroller, players navigate the main characters in a classic point and click fashion to explore a high school where evil encroaches. While hiding from the rampaging monsters, you are to find items to interact with in the otherworldly rooms. And as more mysteries unveiled, the dark past of a cursed school will finally surface. 2D atmospheric horror with spine-chilling atmosphere. Immersive gameplay and puzzle solving experience Unique Taiwanese/Eastern cultural references. Original sound tracks, fusing Electronic, Lo-Fi, and Rock with traditional Asian instruments. Unique and appealing graphics. Multiple language support. (Including English, Chinese and Japanese) Mac, Windows and Linux support"",""['English', 'Simplified Chinese', 'Traditional Chinese', 'Japanese', 'Korean']"",""[]"",""“Like so many crashing waves, every facet of Detention moves in one harmonious lockstep towards an unavoidable tragedy, drowning out the world around you.” 9/10 – Rely On Horror “One of the most beautiful stories told by video games in recent years.” 9/10 – Multiplayer It “その独特のグラフィックス、おどろおどろしさ共に崇高で美しい素晴らしいアンビエントミュージック（＋エモ）、そして台湾の暗黒時代である60年代を背景にしたストーリーからは単なるエンターテインメント作品の枠を超えた魅力がある。” 8.8/10 – IGN Japan"",""https://cdn.akamai.steamstatic.com/steam/apps/555220/header.jpg?t=1574836686"",""http://redcandlegames.com/detention/?lang=en"","""",""contact@redcandlegames.com"",True,True,True,83,""https://www.metacritic.com/game/pc/detention?ftag=MCD-06-10aaa1f"",0,10776,2623,"""",8,11659,"""",219,0,222,0,""RedCandleGames"",""RedCandleGames,AGM PLAYISM"",""Single-player,Steam Achievements,Steam Trading Cards,Steam Cloud,Remote Play on Phone,Remote Play on Tablet"",""Adventure,Indie"",""Horror,Indie,Psychological Horror,Atmospheric,Puzzle,Story Rich,Adventure,Great Soundtrack,Drama,Dark,Point & Click,Female Protagonist,Thriller,Surreal,Retro,Visual Novel,Gore,Exploration,Survival Horror,Violent"",""https://cdn.akamai.steamstatic.com/steam/apps/555220/ss_12b49760815166f6b3bf96ed7addcf3db582a26b.1920x1080.jpg?t=1574836686,https://cdn.akamai.steamstatic.com/steam/apps/555220/ss_91cea56fcacd8c16c631f60eff7ae971fa39f710.1920x1080.jpg?t=1574836686,https://cdn.akamai.steamstatic.com/steam/apps/555220/ss_2de6ae33d45fa0eb745034400286dc3163b63270.1920x1080.jpg?t=1574836686,https://cdn.akamai.steamstatic.com/steam/apps/555220/ss_6ade8401589ceb7fc4f101c919b3e05c629c1537.1920x1080.jpg?t=1574836686,https://cdn.akamai.steamstatic.com/steam/apps/555220/ss_d3c47718570d3d0df1ffc9ba5e1343e853fe661f.1920x1080.jpg?t=1574836686,https://cdn.akamai.steamstatic.com/steam/apps/555220/ss_9a916420323e90c6469385c88b6cfd9f7fa8e16b.1920x1080.jpg?t=1574836686,https://cdn.akamai.steamstatic.com/steam/apps/555220/ss_9f34c27b5127961d58cb2204e353a3b0a7e3ca2b.1920x1080.jpg?t=1574836686,https://cdn.akamai.steamstatic.com/steam/apps/555220/ss_4a973d58c74b234fbaf97ac46a638b4342450802.1920x1080.jpg?t=1574836686,https://cdn.akamai.steamstatic.com/steam/apps/555220/ss_c41f5019dc24e3746ce4059b853077134192ec6a.1920x1080.jpg?t=1574836686,https://cdn.akamai.steamstatic.com/steam/apps/555220/ss_8ca3507ccde88568590f5fb5666f978398b984e4.1920x1080.jpg?t=1574836686,https://cdn.akamai.steamstatic.com/steam/apps/555220/ss_d6808b9700c558a9be70802639004b9847fc6382.1920x1080.jpg?t=1574836686"",""http://cdn.akamai.steamstatic.com/steam/apps/256680679/movie_max.mp4?t=1551344726,http://cdn.akamai.steamstatic.com/steam/apps/256675031/movie_max.mp4?t=1479868998,http://cdn.akamai.steamstatic.com/steam/apps/256675032/movie_max.mp4?t=1479869009""";;;;;;;;;;;;;;;;;;;;;;;;;;;;;;;;;;;;;;;;;;;;;;;;;;;;;;;;;;;;;;;;;;;;;;;;;;;;;;;;;;;;;;;;;;;;;;;;;;;;;;;;;;;;;;;;;;;;;;;;;;;;;;;;
"644760,""Streetball VR"",""Jun 1, 2017"",""0 - 20000"",0,0,0.99,1,""The classic streetball arcade sport is back! Experience the pleasure of basketball when you step into the street one on one with the top finest in basketball action and play in different streets with beautiful backgrounds in VR. Practice your skills or take your talents and break the time record with your acrobatic jams and an astonishing display of skills. You can spank the basketball with special skills and acrobatic moves and score a point in real-time. Whether you want to play against the computer or enjoy with others for high scores, you are rest assured of a more entertaining blast! Game Features 3 Maps 4 Various colored balls 2 Game Modes: Practice and Time Mode 32 Hip Hop Tracks Free Soundtrack"",""['English']"",""['English']"","""",""https://cdn.akamai.steamstatic.com/steam/apps/644760/header.jpg?t=1520569050"","""","""",""indiecodegames@gmail.com"",True,False,False,0,"""",0,16,15,"""",6,0,"""",0,0,0,0,""Indiecode Games"",""Indiecode Games"",""Single-player,Steam Achievements"",""Simulation,Sports"",""Sports,Simulation,VR,VR Only"",""https://cdn.akamai.steamstatic.com/steam/apps/644760/ss_12242fe36b66a94e3560ae0614a1471a3d1e6a07.1920x1080.jpg?t=1520569050,https://cdn.akamai.steamstatic.com/steam/apps/644760/ss_ed35270b98680f3208e651c0aaad32600d7d9b11.1920x1080.jpg?t=1520569050,https://cdn.akamai.steamstatic.com/steam/apps/644760/ss_d9bf20b1f7d794a7a00f4e499f083abc2a112d80.1920x1080.jpg?t=1520569050,https://cdn.akamai.steamstatic.com/steam/apps/644760/ss_99296edbc67c646113fe1f920c9fccf537646c12.1920x1080.jpg?t=1520569050,https://cdn.akamai.steamstatic.com/steam/apps/644760/ss_f2bf6565887d2c97850c6572ba4036a02ab86d43.1920x1080.jpg?t=1520569050,https://cdn.akamai.steamstatic.com/steam/apps/644760/ss_d2590860bf55eb63c38503ca7f9a07612364d4b8.1920x1080.jpg?t=1520569050"",""http://cdn.akamai.steamstatic.com/steam/apps/256685822/movie_max.mp4?t=1496098787,http://cdn.akamai.steamstatic.com/steam/apps/256685872/movie_max.mp4?t=1496098795""";;;;;;;;;;;;;;;;;;;;;;;;;;;;;;;;;;;;;;;;;;;;;;;;;;;;;;;;;;;;;;;;;;;;;;;;;;;;;;;;;;;;;;;;;;;;;;;;;;;;;;;;;;;;;;;;;;;;;;;;;;;;;;;;
"543350,""The Night The Carsons Disappeared"",""Oct 24, 2016"",""0 - 20000"",0,0,0.0,0,""Prologue On April 6th 2009, the Carson family disappeared from their home in Richmond, and were never heard from again. The last known communication with the family came when Mr.Carson contacted local police to report the occurrence of a series of unexplained phenomena. The following events take place on the night the Carson family disappeared. Description The Night The Carsons Disappeared is a VR ONLY horror game that puts you in the shoes of Michael Carson. On April 6th 2009, Michael and his two daughters vanished and were never heard from again. In TNTCD you witness the events leading up to their disappearance through the eyes of Michael Carson. This is the non-interactive version of the game. You do not need any controllers. Sit back, and watch the horror unfold. Ideal if you want to scare family and friends at Halloween. The entire game takes around 30 minutes (or less if you choose the shorter version via the menu screen). Why Play The Night The Carsons Disappeared Who doesn't want to play VR horror games leading up to Halloween Only takes around 30 minutes (With the option to play a shorter version too) No controls required (just a headset), so don't worry about not being familiar with game controls It doesn't require any prior gaming / VR experience Ideal for scaring friends and family What's Next? The interactive Vive version of the game is in development. Important Notes This is a VR only game. Do NOT purchase this game if you do not have a VR headset The game is about 30 minutes long. Do NOT purchase the game if you will be unhappy with the length of the game. This is the Non-Interactive version of the game. Sit back and relax."",""['English']"",""['English']"","""",""https://cdn.akamai.steamstatic.com/steam/apps/543350/header.jpg?t=1565365228"",""http://nostalgicbear.wixsite.com/home"",""http://www.nostalgicbearvr.com/"",""nostalgicbear@hotmail.com"",True,False,False,0,"""",0,17,10,"""",0,0,"""",0,0,0,0,""Stephen Long"",""Stephen Long"",""Single-player"",""Indie"",""Indie,VR,Horror,Casual,Atmospheric,Psychological Horror"",""https://cdn.akamai.steamstatic.com/steam/apps/543350/ss_435431eaaa30970188c11b1beb49bfe79e59ec48.1920x1080.jpg?t=1565365228,https://cdn.akamai.steamstatic.com/steam/apps/543350/ss_97bbed6b7dd96d998f9ec71727b839fb80ccef8f.1920x1080.jpg?t=1565365228,https://cdn.akamai.steamstatic.com/steam/apps/543350/ss_000cf22916a81437a796f0a4bad0f900de2411d2.1920x1080.jpg?t=1565365228,https://cdn.akamai.steamstatic.com/steam/apps/543350/ss_3ad245484a0eef224b93a74812984a8df9188397.1920x1080.jpg?t=1565365228,https://cdn.akamai.steamstatic.com/steam/apps/543350/ss_0e62a3e41c3b4208652a410bcf115602b24eab6e.1920x1080.jpg?t=1565365228,https://cdn.akamai.steamstatic.com/steam/apps/543350/ss_a30022b47bf023e4b4ef56ed07357bd4aff008a7.1920x1080.jpg?t=1565365228"",""http://cdn.akamai.steamstatic.com/steam/apps/256672925/movie_max.mp4?t=1477054945""";;;;;;;;;;;;;;;;;;;;;;;;;;;;;;;;;;;;;;;;;;;;;;;;;;;;;;;;;;;;;;;;;;;;;;;;;;;;;;;;;;;;;;;;;;;;;;;;;;;;;;;;;;;;;;;;;;;;;;;;;;;;;;;;
"2053060,""Travel The Words"",""Jul 16, 2022"",""0 - 20000"",0,0,4.99,0,""Twelve carefully crafted immersive word puzzles. Every word in every puzzle has a fun fact that is professionally voice-acted. Players can shuffle the puzzles for replayability and enjoy relaxing ambience and beautiful low-poly artwork. Find bonus words to reveal a hidden mini-game!"",""['English']"",""['English']"","""",""https://cdn.akamai.steamstatic.com/steam/apps/2053060/header.jpg?t=1658053135"","""","""",""contact@8ight.studio"",True,False,False,0,"""",0,0,0,"""",0,0,"""",0,0,0,0,""Studio 8ight"",""Studio 8ight"",""Single-player"",""Adventure"","""",""https://cdn.akamai.steamstatic.com/steam/apps/2053060/ss_33b1bdbee0451e7beccf3b66c985504464b7ee59.1920x1080.jpg?t=1658053135,https://cdn.akamai.steamstatic.com/steam/apps/2053060/ss_a49d7adbde43b1a47f261b1258d71585d1e089bb.1920x1080.jpg?t=1658053135,https://cdn.akamai.steamstatic.com/steam/apps/2053060/ss_7f53e05d66f2433502b428a169825d55e06abbe0.1920x1080.jpg?t=1658053135,https://cdn.akamai.steamstatic.com/steam/apps/2053060/ss_4ef85e4fc3084d4f2d4bffba24e9195a28e46db6.1920x1080.jpg?t=1658053135,https://cdn.akamai.steamstatic.com/steam/apps/2053060/ss_ea20af4dca9502b9528e6fa7918bcf5f61134c6d.1920x1080.jpg?t=1658053135"",""http://cdn.akamai.steamstatic.com/steam/apps/256890565/movie_max.mp4?t=1655486788""";;;;;;;;;;;;;;;;;;;;;;;;;;;;;;;;;;;;;;;;;;;;;;;;;;;;;;;;;;;;;;;;;;;;;;;;;;;;;;;;;;;;;;;;;;;;;;;;;;;;;;;;;;;;;;;;;;;;;;;;;;;;;;;;
